employee_id,first_name,last_name,email,department_id,salary
1,Alanah,De Haven,adehaven0@weibo.com,4,60100
2,Berni,Flett,bflett1@diigo.com,7,40753
3,Clarke,Harston,charston2@is.gd,9,73140
4,Tiertza,Benfell,tbenfell3@rambler.ru,8,80683
5,Raina,Domek,rdomek4@facebook.com,6,119221
6,Chris,Simoncini,csimoncini5@chronoengine.com,1,56412
7,Chiarra,Lorence,clorence6@senate.gov,9,119627
8,Latrena,Allwright,lallwright7@woothemes.com,8,41465
9,Kalinda,Juliff,kjuliff8@goo.ne.jp,1,32852
10,Whittaker,Vasiltsov,wvasiltsov9@ebay.com,7,123742
11,Reggi,Ellershaw,rellershawa@biblegateway.com,5,40195
12,Keven,Macewan,kmacewanb@alexa.com,8,69885
13,Marris,Bostick,mbostickc@lulu.com,4,105065
14,Toddie,Shovlar,tshovlard@zimbio.com,5,122724
15,Catrina,Presser,cpressere@prnewswire.com,5,112680
16,Donall,Spalding,dspaldingf@github.com,9,127945
17,Peter,Schaumann,pschaumanng@barnesandnoble.com,1,70742
18,Bank,Cancellieri,bcancellierih@state.tx.us,6,119710
19,Burtie,Sprague,bspraguei@ed.gov,7,135448
20,Lavena,Kenna,lkennaj@mlb.com,10,136622
21,Elissa,Jedrzejczak,ejedrzejczakk@boston.com,4,37411
22,Lewes,Tutsell,ltutselll@icio.us,5,80447
23,Samara,Millmoe,smillmoem@pagesperso-orange.fr,7,59240
24,Elvyn,Shoutt,eshouttn@youku.com,8,84278
25,Filberte,Figurski,ffigurskio@sourceforge.net,1,36391
26,Staci,York,syorkp@examiner.com,4,36505
27,Si,Spurgin,sspurginq@cpanel.net,1,55412
28,Tanitansy,Bazley,tbazleyr@hugedomains.com,9,117995
29,Towny,Swate,tswates@wunderground.com,4,148310
30,Gwenni,Thrush,gthrusht@webmd.com,1,73636
31,Morgen,Valsler,mvalsleru@rediff.com,2,52579
32,Rube,Houliston,rhoulistonv@wix.com,8,85556
33,Marion,Iscowitz,miscowitzw@cafepress.com,6,129759
34,Emmalee,Edds,eeddsx@google.co.jp,7,79606
35,Mara,Attenbrough,mattenbroughy@yellowbook.com,2,53283
36,Cyndie,Ingman,cingmanz@google.es,7,105449
37,Brynna,Mountjoy,bmountjoy10@blinklist.com,7,69318
38,Allegra,Klement,aklement11@live.com,10,114250
39,Felicio,Oley,foley12@businessweek.com,8,84858
40,Jaquelyn,Lissandri,jlissandri13@artisteer.com,5,67210
41,Katherina,Shankle,kshankle14@hibu.com,8,42894
42,Gertie,Belasco,gbelasco15@blog.com,10,106762
43,Bette-ann,Steed,bsteed16@blinklist.com,2,81906
44,Lexy,Markovic,lmarkovic17@sitemeter.com,4,119266
45,Meggie,Wapples,mwapples18@addthis.com,1,111049
46,Leann,Stalman,lstalman19@amazon.co.uk,10,63374
47,Conrad,Tallowin,ctallowin1a@go.com,2,97150
48,Jorrie,Yushankin,jyushankin1b@nytimes.com,4,140243
49,Alexandre,Diament,adiament1c@weebly.com,2,144493
50,Imojean,Basso,ibasso1d@trellian.com,8,43376
51,Horten,Tilte,htilte1e@statcounter.com,4,93794
52,Jeromy,Thurske,jthurske1f@weather.com,7,86719
53,Zaccaria,Pattullo,zpattullo1g@irs.gov,7,70099
54,Delaney,Richmond,drichmond1h@fastcompany.com,7,121157
55,Kennett,Elmar,kelmar1i@ftc.gov,3,79873
56,Annemarie,Offin,aoffin1j@google.com.hk,2,51683
57,Dar,Issard,dissard1k@ucoz.ru,7,45675
58,Tammie,Armiger,tarmiger1l@ezinearticles.com,6,124234
59,Olga,Neeves,oneeves1m@clickbank.net,5,38804
60,Richie,Daniel,rdaniel1n@dedecms.com,6,104383
61,Britte,Girvan,bgirvan1o@dedecms.com,5,114115
62,Lianne,Pinshon,lpinshon1p@yellowbook.com,8,118201
63,Ninon,McGiffie,nmcgiffie1q@vkontakte.ru,4,97588
64,Phil,Iwaszkiewicz,piwaszkiewicz1r@weather.com,2,73015
65,Karel,Marmyon,kmarmyon1s@fema.gov,3,94106
66,Maridel,Pitrasso,mpitrasso1t@last.fm,7,33808
67,Fidelio,Schwartz,fschwartz1u@google.pl,2,98675
68,Tore,Eastup,teastup1v@mtv.com,3,33990
69,Cathlene,Ivanenko,civanenko1w@tiny.cc,10,51888
70,Dorthea,Courvert,dcourvert1x@deliciousdays.com,4,43490
71,Des,Ickovici,dickovici1y@opera.com,7,89105
72,Dori,Kitchenham,dkitchenham1z@va.gov,5,123397
73,Pascale,Loney,ploney20@nifty.com,10,135955
74,Billy,Shucksmith,bshucksmith21@jiathis.com,8,112431
75,Maribel,MacGahy,mmacgahy22@yandex.ru,7,80612
76,Jeniffer,Dacks,jdacks23@cbc.ca,3,43636
77,Franni,Prescot,fprescot24@ocn.ne.jp,5,102170
78,Cly,Winterbourne,cwinterbourne25@blinklist.com,3,119491
79,Thelma,Bertolin,tbertolin26@engadget.com,4,133183
80,Valeda,Rogier,vrogier27@etsy.com,2,60362
81,Zacharie,Celle,zcelle28@constantcontact.com,9,98582
82,Raf,Bikker,rbikker29@princeton.edu,7,67525
83,Carl,Kruszelnicki,ckruszelnicki2a@ca.gov,9,109466
84,Ursula,Plenty,uplenty2b@blogtalkradio.com,10,102022
85,Junia,Greenwood,jgreenwood2c@spiegel.de,4,139234
86,Eugenio,Hubball,ehubball2d@timesonline.co.uk,5,145463
87,Rennie,Burry,rburry2e@hubpages.com,4,115565
88,Edmon,Bengall,ebengall2f@paypal.com,10,80846
89,Torr,Cholomin,tcholomin2g@ask.com,3,50331
90,Levey,Beert,lbeert2h@soundcloud.com,5,115084
91,Whitby,Pennetta,wpennetta2i@reuters.com,6,110997
92,Silvano,Ughelli,sughelli2j@foxnews.com,6,36355
93,Ike,Lorenzo,ilorenzo2k@ehow.com,8,132118
94,Chrissie,Spriggin,cspriggin2l@tinypic.com,8,98941
95,Rorke,Domney,rdomney2m@deviantart.com,5,94217
96,Gretna,Valde,gvalde2n@redcross.org,2,71891
97,Scott,Petrollo,spetrollo2o@census.gov,2,42366
98,Alejandrina,Gisbourn,agisbourn2p@cafepress.com,8,34821
99,Fabe,Pietsma,fpietsma2q@baidu.com,1,37545
100,Oates,Snedden,osnedden2r@blogs.com,3,76879
101,Jodi,Darnborough,jdarnborough2s@dell.com,5,39103
102,Alayne,McGenis,amcgenis2t@blogspot.com,4,133843
103,Abigail,Klampt,aklampt2u@blogs.com,1,143211
104,Anastasie,Dochon,adochon2v@unblog.fr,4,72798
105,Naomi,Bottleson,nbottleson2w@tripadvisor.com,10,76113
106,Jareb,Beebis,jbeebis2x@dagondesign.com,1,75472
107,Sharity,Labba,slabba2y@washington.edu,7,38983
108,Lucille,Devonside,ldevonside2z@who.int,1,143783
109,Natasha,Berrow,nberrow30@blog.com,2,48112
110,Portie,Upham,pupham31@google.nl,3,140222
111,Diana,Splaven,dsplaven32@usa.gov,6,139993
112,Shea,Banat,sbanat33@jalbum.net,10,143704
113,Cayla,Roma,croma34@storify.com,4,41589
114,Iain,Pettyfar,ipettyfar35@theatlantic.com,10,70280
115,Brandyn,Garatty,bgaratty36@ustream.tv,8,53985
116,Cyndi,Heskins,cheskins37@nifty.com,3,76592
117,Kailey,Fordyce,kfordyce38@google.com.au,6,89762
118,Kelvin,Charsley,kcharsley39@github.com,2,148570
119,Pauly,Klishin,pklishin3a@oracle.com,4,35161
120,Marketa,Cianni,mcianni3b@ted.com,3,60502
121,Tessie,Larby,tlarby3c@cisco.com,4,101847
122,Roderic,Baumann,rbaumann3d@weather.com,9,109976
123,Gladi,Bolens,gbolens3e@time.com,4,75950
124,Ashlen,Darracott,adarracott3f@abc.net.au,3,64900
125,Frannie,Tuckie,ftuckie3g@cnet.com,2,80445
126,Derry,Lammie,dlammie3h@google.it,5,59524
127,Jessy,Sisnett,jsisnett3i@jimdo.com,6,100557
128,Riobard,Horrell,rhorrell3j@printfriendly.com,9,49623
129,Ferd,Strutz,fstrutz3k@bravesites.com,10,104078
130,Georgine,Jon,gjon3l@vistaprint.com,5,92135
131,Janeva,Slocumb,jslocumb3m@parallels.com,4,115566
132,Jory,Lydall,jlydall3n@businesswire.com,8,45241
133,Aubrey,Caswell,acaswell3o@cmu.edu,10,148675
134,Ramsay,Mugleston,rmugleston3p@tinyurl.com,2,38122
135,Shayne,Clissell,sclissell3q@moonfruit.com,10,30235
136,Leroi,McAdam,lmcadam3r@desdev.cn,10,56809
137,Adrian,Trippett,atrippett3s@eepurl.com,7,119308
138,Sherm,Mycock,smycock3t@cnn.com,1,123163
139,Patty,Harland,pharland3u@wunderground.com,7,142822
140,Charmian,Nurcombe,cnurcombe3v@nydailynews.com,2,41168
141,Romy,Jeves,rjeves3w@bloglines.com,3,124674
142,Carmela,Gibbons,cgibbons3x@livejournal.com,2,120616
143,Nedda,Giraux,ngiraux3y@cdbaby.com,3,134810
144,Drusilla,Thunderchief,dthunderchief3z@mlb.com,6,32274
145,Julie,Iacapucci,jiacapucci40@hatena.ne.jp,4,111544
146,Mylo,Lambdin,mlambdin41@tripod.com,2,141552
147,Lanny,Bolle,lbolle42@vinaora.com,10,142005
148,Astrix,Baszniak,abaszniak43@prweb.com,1,143697
149,Rennie,Gribbin,rgribbin44@cornell.edu,5,127188
150,Averil,Gaylard,agaylard45@digg.com,1,72273
151,David,Alphege,dalphege46@columbia.edu,6,139923
152,Odelinda,Buckmaster,obuckmaster47@google.de,5,135244
153,Fina,Skep,fskep48@cdc.gov,3,127331
154,Gilberta,Okker,gokker49@slate.com,3,90596
155,Tommy,Droghan,tdroghan4a@flickr.com,8,103792
156,Tasha,Gutman,tgutman4b@ihg.com,9,109614
157,Hetti,Mityashev,hmityashev4c@bbb.org,8,141307
158,Brear,Farfull,bfarfull4d@census.gov,7,67867
159,Gaylene,MacGahey,gmacgahey4e@skype.com,4,111347
160,Hastie,Burkitt,hburkitt4f@illinois.edu,10,66782
161,Meaghan,Littleton,mlittleton4g@youtube.com,7,94366
162,Angelique,Hugonneau,ahugonneau4h@blinklist.com,2,69223
163,Irita,Reide,ireide4i@xrea.com,2,95663
164,Ainslee,Gatus,agatus4j@meetup.com,4,95301
165,Adriano,Castri,acastri4k@pinterest.com,2,52062
166,Sherline,Moulden,smoulden4l@parallels.com,7,100931
167,Olympe,Willard,owillard4m@ebay.co.uk,6,102265
168,Adham,Wards,awards4n@joomla.org,3,119887
169,Corrie,Conman,cconman4o@unblog.fr,10,131549
170,Noella,Tatam,ntatam4p@gizmodo.com,7,36444
171,Miriam,Dumphrey,mdumphrey4q@dell.com,4,122913
172,Fayre,Haddick,fhaddick4r@guardian.co.uk,9,125624
173,Clair,Greenroa,cgreenroa4s@miitbeian.gov.cn,9,33342
174,Allister,Griston,agriston4t@netvibes.com,2,85073
175,Issiah,Priter,ipriter4u@sciencedirect.com,10,84426
176,Felipa,Clegg,fclegg4v@slate.com,1,36924
177,Myra,Darthe,mdarthe4w@studiopress.com,9,58373
178,Odey,Noyce,onoyce4x@unesco.org,1,77080
179,Paulina,Toward,ptoward4y@mapquest.com,9,59673
180,Laurianne,Zavattero,lzavattero4z@apache.org,8,126251
181,Herbie,Ganford,hganford50@hostgator.com,6,137102
182,Ola,Allum,oallum51@alexa.com,2,108538
183,Melissa,Pasterfield,mpasterfield52@howstuffworks.com,1,31295
184,Fancy,Nobles,fnobles53@omniture.com,8,32400
185,Rosabella,D'Ugo,rdugo54@linkedin.com,6,77108
186,Rica,Snaddon,rsnaddon55@miitbeian.gov.cn,4,114054
187,Sargent,Fitzharris,sfitzharris56@hp.com,9,135405
188,Vince,Tague,vtague57@europa.eu,6,70735
189,Parnell,McCuish,pmccuish58@a8.net,2,74339
190,Olivette,MacGuiness,omacguiness59@buzzfeed.com,8,115621
191,Hestia,Keenlayside,hkeenlayside5a@si.edu,6,114204
192,Bill,Alastair,balastair5b@discuz.net,5,114307
193,Zebulen,Ferraron,zferraron5c@clickbank.net,9,116516
194,Benni,Gribble,bgribble5d@dmoz.org,2,98723
195,Stephannie,Giacomoni,sgiacomoni5e@hp.com,10,107059
196,Darnall,Daye,ddaye5f@ox.ac.uk,7,112229
197,Jammie,Stronack,jstronack5g@oakley.com,6,121808
198,Doro,Lomansey,dlomansey5h@reuters.com,8,83240
199,Jeanette,Pirrey,jpirrey5i@g.co,3,97259
200,Rochelle,Falkingham,rfalkingham5j@cloudflare.com,4,45736
201,Gearalt,Sleeny,gsleeny5k@guardian.co.uk,5,35307
202,Huntlee,Tremelling,htremelling5l@bbb.org,3,47404
203,Whitney,Normant,wnormant5m@sfgate.com,4,71822
204,Matteo,Kruger,mkruger5n@linkedin.com,1,72092
205,Hillard,Rizzotto,hrizzotto5o@intel.com,9,56597
206,Kikelia,Stickins,kstickins5p@virginia.edu,8,121297
207,Jeremy,Wessell,jwessell5q@google.ru,2,117146
208,Arabella,Halpeine,ahalpeine5r@census.gov,6,65025
209,Darlene,Fairbard,dfairbard5s@ask.com,3,113356
210,Hector,Ginnally,hginnally5t@soup.io,6,74679
211,Stuart,Bilborough,sbilborough5u@typepad.com,7,95066
212,Gregorius,Ricciardelli,gricciardelli5v@japanpost.jp,9,82783
213,Barnabe,McGinly,bmcginly5w@ucla.edu,4,136859
214,Verna,Kirsop,vkirsop5x@utexas.edu,4,94645
215,Wallace,Dagger,wdagger5y@typepad.com,7,85631
216,Filberte,Diggin,fdiggin5z@cmu.edu,4,125105
217,Bucky,Dyett,bdyett60@kickstarter.com,9,108285
218,Doralyn,Lindsay,dlindsay61@thetimes.co.uk,4,34304
219,Carver,Kristiansen,ckristiansen62@netvibes.com,10,35946
220,Gothart,Dilkes,gdilkes63@tinyurl.com,10,60580
221,Martynne,Giurio,mgiurio64@yahoo.co.jp,2,119448
222,Lucy,Oldmeadow,loldmeadow65@newsvine.com,5,70593
223,Zsazsa,Oldland,zoldland66@blinklist.com,10,133316
224,Greta,Windus,gwindus67@mediafire.com,6,141890
225,Durante,Pritty,dpritty68@samsung.com,8,99952
226,Sibeal,Mcsarry,smcsarry69@51.la,3,72749
227,Holly,Mcwhinney,hmcwhinney6a@storify.com,2,34908
228,Moses,Tulley,mtulley6b@examiner.com,2,100341
229,Gregor,Heistermann,gheistermann6c@edublogs.org,2,149716
230,Jacenta,Brocklehurst,jbrocklehurst6d@google.ru,5,117053
231,Fransisco,Ovill,fovill6e@mapy.cz,8,95087
232,Alfreda,Stear,astear6f@adobe.com,8,128066
233,Karie,Reyner,kreyner6g@goodreads.com,4,85780
234,Rozalie,Furzey,rfurzey6h@360.cn,4,141253
235,Gabriel,Fussie,gfussie6i@bloomberg.com,4,148397
236,Jeth,Jones,jjones6j@google.nl,1,80572
237,Ruperto,Jacquemot,rjacquemot6k@hostgator.com,7,102052
238,Demetris,Crow,dcrow6l@sfgate.com,9,114518
239,Alisun,Muncie,amuncie6m@jiathis.com,9,72647
240,Silvan,Abbots,sabbots6n@homestead.com,8,120909
241,Leanor,Dureden,ldureden6o@dion.ne.jp,1,95210
242,Stacy,Lidyard,slidyard6p@deviantart.com,8,86243
243,Alfredo,Applewhaite,aapplewhaite6q@unesco.org,9,39228
244,Darryl,Rayment,drayment6r@bigcartel.com,9,73990
245,Dasya,Josephsen,djosephsen6s@lycos.com,6,146086
246,Blaire,Tattersill,btattersill6t@blogtalkradio.com,10,97263
247,Thaxter,Bickerdicke,tbickerdicke6u@reuters.com,9,90029
248,Benjy,Maskrey,bmaskrey6v@multiply.com,10,133323
249,Modesty,Lind,mlind6w@accuweather.com,4,71516
250,Melinde,Fessions,mfessions6x@pinterest.com,3,47119
251,Krispin,Vaughton,kvaughton6y@51.la,7,133872
252,Lin,Pumphreys,lpumphreys6z@google.ca,10,108703
253,Joel,Bunce,jbunce70@spotify.com,3,146233
254,Lucina,Yorkston,lyorkston71@twitter.com,8,53804
255,Verla,Krier,vkrier72@boston.com,2,62400
256,Rickard,Fetherston,rfetherston73@jimdo.com,7,120411
257,Elisabeth,de Pinna,edepinna74@wiley.com,5,146832
258,Elora,Sayce,esayce75@miitbeian.gov.cn,4,92105
259,Valeria,Heiton,vheiton76@histats.com,6,77554
260,Cassius,Fores,cfores77@php.net,10,81449
261,Annetta,Voller,avoller78@purevolume.com,8,97163
262,Elladine,Cratchley,ecratchley79@techcrunch.com,7,89741
263,Haily,Queyeiro,hqueyeiro7a@baidu.com,7,96543
264,Eddie,Lohering,elohering7b@ehow.com,4,75010
265,Rubina,Normavell,rnormavell7c@pen.io,2,49726
266,Breanne,Van Der Hoog,bvanderhoog7d@t.co,10,83940
267,Monti,Nary,mnary7e@google.cn,5,63755
268,Darbee,Henbury,dhenbury7f@sitemeter.com,4,73333
269,Joni,Heineke,jheineke7g@psu.edu,4,72344
270,Ynez,Folan,yfolan7h@usda.gov,1,116938
271,Arlen,Golden of Ireland,agoldenofireland7i@columbia.edu,8,122222
272,Shirline,Longhorne,slonghorne7j@cornell.edu,9,143679
273,Paquito,Neller,pneller7k@europa.eu,7,147055
274,Dot,Calvert,dcalvert7l@php.net,9,49657
275,Dulciana,Van de Vlies,dvandevlies7m@cisco.com,3,73385
276,Rebeca,Pennings,rpennings7n@w3.org,8,65379
277,Donny,Bottle,dbottle7o@fastcompany.com,8,144996
278,Doralynne,Duncombe,dduncombe7p@ft.com,8,148177
279,Betti,Harkins,bharkins7q@apache.org,6,77140
280,Lurlene,Castles,lcastles7r@japanpost.jp,5,67666
281,Alejandro,Purkiss,apurkiss7s@seattletimes.com,5,106457
282,Hakim,Scandroot,hscandroot7t@goo.ne.jp,2,89288
283,Caesar,Caudelier,ccaudelier7u@java.com,1,62322
284,Darbee,Hasloch,dhasloch7v@weather.com,10,93828
285,Johanna,Barnish,jbarnish7w@huffingtonpost.com,3,51986
286,Valdemar,Greedier,vgreedier7x@psu.edu,2,41079
287,Fara,Stallybrass,fstallybrass7y@themeforest.net,9,105671
288,Chucho,Ablott,cablott7z@google.com.br,3,146011
289,Kimbra,Tremmil,ktremmil80@discuz.net,1,133252
290,Jonathon,Armin,jarmin81@bbc.co.uk,1,130298
291,Alyce,Fawcitt,afawcitt82@hexun.com,6,54350
292,Muhammad,Crummie,mcrummie83@sciencedaily.com,10,128030
293,Saxe,Eastway,seastway84@marketwatch.com,3,31213
294,Mendel,Kubik,mkubik85@nba.com,2,107270
295,Palmer,Niemetz,pniemetz86@psu.edu,7,48104
296,Innis,Byneth,ibyneth87@state.tx.us,5,72603
297,Dallis,By,dby88@de.vu,1,70849
298,Delmer,Paris,dparis89@mediafire.com,6,33607
299,Sofia,Keay,skeay8a@cdc.gov,8,92630
300,Cassandry,Feares,cfeares8b@hexun.com,5,60065
301,Wernher,Hatfull,whatfull8c@github.com,6,109910
302,Sharron,Arundell,sarundell8d@senate.gov,10,58037
303,Raff,Crowe,rcrowe8e@jimdo.com,6,129274
304,Tad,Havik,thavik8f@goo.gl,4,139718
305,Sinclare,McDermott,smcdermott8g@1und1.de,7,56460
306,Cecilio,Pasek,cpasek8h@linkedin.com,7,72495
307,Kate,Nortunen,knortunen8i@vinaora.com,4,141353
308,Starlene,Sketchley,ssketchley8j@bravesites.com,2,96555
309,Dickie,Benedicte,dbenedicte8k@xrea.com,5,133249
310,Beret,Ramel,bramel8l@hc360.com,8,49314
311,Archambault,Bartoleyn,abartoleyn8m@discuz.net,6,76896
312,Queenie,MacKessock,qmackessock8n@va.gov,4,56134
313,Benny,Keene,bkeene8o@drupal.org,2,47308
314,Mahala,Quixley,mquixley8p@tiny.cc,4,139732
315,Andrei,Flegg,aflegg8q@boston.com,8,111343
316,Bernice,Kilfoyle,bkilfoyle8r@craigslist.org,6,87307
317,Berti,Dearman,bdearman8s@xing.com,1,49009
318,Care,Filde,cfilde8t@usgs.gov,10,118491
319,Berkie,McKenna,bmckenna8u@g.co,6,131040
320,Cullan,Boulding,cboulding8v@loc.gov,6,104679
321,Max,Labrom,mlabrom8w@vistaprint.com,10,134515
322,Zaria,Southeran,zsoutheran8x@noaa.gov,6,81395
323,Jade,Ravenscroftt,jravenscroftt8y@google.co.jp,5,67816
324,Sophi,Maingot,smaingot8z@photobucket.com,1,133272
325,Kym,Hurdman,khurdman90@columbia.edu,4,58552
326,Selene,Rutland,srutland91@163.com,10,97437
327,Ker,Haworth,khaworth92@vistaprint.com,9,35073
328,Ethel,Gawen,egawen93@tumblr.com,2,31992
329,Krysta,Havoc,khavoc94@java.com,9,102699
330,Minta,Tilsley,mtilsley95@hubpages.com,3,40686
331,Zabrina,Craw,zcraw96@pinterest.com,8,109266
332,Tracie,Wilshaw,twilshaw97@cbslocal.com,10,121668
333,Hartley,Meynell,hmeynell98@cafepress.com,6,131082
334,Rochester,Roaf,rroaf99@va.gov,10,143672
335,Alleyn,Goundry,agoundry9a@vk.com,9,111478
336,Gill,Realph,grealph9b@ebay.com,7,43058
337,Toddy,MacMychem,tmacmychem9c@taobao.com,2,115947
338,Clemens,Scaice,cscaice9d@domainmarket.com,4,101752
339,Efren,Geary,egeary9e@indiatimes.com,5,80937
340,Ulrike,Bassill,ubassill9f@timesonline.co.uk,4,125767
341,Flin,Oakwell,foakwell9g@cyberchimps.com,9,39242
342,Mariam,Huniwall,mhuniwall9h@freewebs.com,2,33502
343,Bronny,Karlolczak,bkarlolczak9i@histats.com,6,52273
344,Mannie,Sikora,msikora9j@nba.com,2,62678
345,Mildred,Nasey,mnasey9k@ucoz.ru,2,119058
346,Tye,Martensen,tmartensen9l@taobao.com,1,103003
347,Neile,Petrussi,npetrussi9m@sun.com,7,116284
348,Dallon,Ellison,dellison9n@deliciousdays.com,9,138356
349,Vanda,Morais,vmorais9o@com.com,9,43590
350,Glory,Shotton,gshotton9p@sciencedaily.com,1,126482
351,Merralee,McGebenay,mmcgebenay9q@dion.ne.jp,10,129495
352,Dall,Ghirigori,dghirigori9r@sitemeter.com,7,100703
353,Kirby,Bestwerthick,kbestwerthick9s@smugmug.com,1,122570
354,Nicholas,Butters,nbutters9t@europa.eu,5,120767
355,Otha,Czaja,oczaja9u@ocn.ne.jp,7,72237
356,Lenee,Filochov,lfilochov9v@themeforest.net,2,79269
357,Hilda,Lestor,hlestor9w@moonfruit.com,5,74570
358,Bobby,Aronow,baronow9x@unc.edu,1,116180
359,Rozele,Weippert,rweippert9y@jigsy.com,4,56139
360,Eddy,Winspire,ewinspire9z@state.tx.us,9,138294
361,Iosep,Blasing,iblasinga0@bloomberg.com,2,129428
362,Paulina,Kasher,pkashera1@instagram.com,10,98110
363,Benny,Soars,bsoarsa2@newyorker.com,2,133280
364,Humfried,Pester,hpestera3@diigo.com,2,133502
365,Isidora,Vaz,ivaza4@ocn.ne.jp,2,146919
366,Leone,McCowan,lmccowana5@cyberchimps.com,1,30105
367,Goddard,Jepperson,gjeppersona6@google.it,1,137047
368,Royall,Leggin,rleggina7@bbb.org,2,141847
369,Beverie,Keer,bkeera8@wiley.com,7,103321
370,Chandra,Seagood,cseagooda9@cbslocal.com,8,109788
371,Hester,Machon,hmachonaa@alexa.com,9,83239
372,Corenda,Stowe,cstoweab@twitpic.com,7,126204
373,Tye,Vasyukhin,tvasyukhinac@clickbank.net,9,147787
374,Rea,Lugton,rlugtonad@1688.com,6,93409
375,Jaimie,Obell,jobellae@guardian.co.uk,7,76940
376,Dalli,Huckster,dhucksteraf@aboutads.info,4,134515
377,Dara,Spyvye,dspyvyeag@xinhuanet.com,5,72031
378,Rosemarie,Guerrero,rguerreroah@upenn.edu,8,43838
379,Amble,Gunby,agunbyai@mapy.cz,3,137225
380,Manny,Blinkhorn,mblinkhornaj@unc.edu,2,111211
381,Elsy,Ricardo,ericardoak@dell.com,2,59703
382,Theodora,L'Homme,tlhommeal@behance.net,10,73683
383,Verna,Deaconson,vdeaconsonam@narod.ru,10,109401
384,Maegan,Walaron,mwalaronan@theguardian.com,6,90595
385,Lisha,Fancott,lfancottao@ebay.com,2,46832
386,Bette,Griffey,bgriffeyap@godaddy.com,2,70972
387,Leshia,Santon,lsantonaq@usgs.gov,9,72492
388,Bay,Wincer,bwincerar@ihg.com,2,149556
389,Sileas,Dimnage,sdimnageas@usnews.com,8,93553
390,Adoree,Bedo,abedoat@usa.gov,9,83334
391,Enid,Maylin,emaylinau@sphinn.com,4,55480
392,Claiborn,Klimt,cklimtav@senate.gov,6,112308
393,Rowland,Siward,rsiwardaw@uol.com.br,8,124056
394,Lay,Manie,lmanieax@msn.com,7,115895
395,Enrique,Seally,eseallyay@va.gov,3,122700
396,Rosanne,Arens,rarensaz@istockphoto.com,7,122638
397,Eulalie,Dredge,edredgeb0@stumbleupon.com,9,98693
398,Arly,Wilmott,awilmottb1@imageshack.us,1,89457
399,Currey,Edmett,cedmettb2@squidoo.com,2,85299
400,Jack,Kimmins,jkimminsb3@home.pl,8,131625
401,Dunstan,Shearwood,dshearwoodb4@intel.com,10,89110
402,Jaquelin,Gorman,jgormanb5@fda.gov,9,140611
403,Asa,Glenton,aglentonb6@soundcloud.com,2,63760
404,Anny,Crissil,acrissilb7@tuttocitta.it,2,72212
405,Elvyn,Speake,espeakeb8@plala.or.jp,3,86633
406,Salem,Cluff,scluffb9@symantec.com,5,69166
407,Chrisse,Parriss,cparrissba@hp.com,6,140282
408,Tanitansy,Hounsom,thounsombb@biglobe.ne.jp,8,60921
409,Menard,Mundow,mmundowbc@oracle.com,6,112649
410,Reider,Cartman,rcartmanbd@wunderground.com,8,130851
411,Paulo,Handscombe,phandscombebe@edublogs.org,9,47603
412,Marcy,Arnowitz,marnowitzbf@smugmug.com,10,96325
413,Nickola,Ambrose,nambrosebg@nationalgeographic.com,3,82189
414,Eleanora,Bielfelt,ebielfeltbh@examiner.com,6,54134
415,Marybeth,Pettifer,mpettiferbi@wsj.com,9,49049
416,Tildi,Blazey,tblazeybj@diigo.com,7,112132
417,Aggy,Ipgrave,aipgravebk@mlb.com,3,54490
418,Ulla,Americi,uamericibl@a8.net,5,39487
419,Skippy,Orchart,sorchartbm@cyberchimps.com,9,137126
420,Ainslie,Kenealy,akenealybn@nih.gov,6,113168
421,Giulio,Hame,ghamebo@mashable.com,10,32078
422,Veradis,Blackborough,vblackboroughbp@cyberchimps.com,9,93556
423,Timmi,Gores,tgoresbq@quantcast.com,1,84818
424,Hastings,Yannikov,hyannikovbr@ucoz.ru,10,122929
425,Alphard,Levings,alevingsbs@yahoo.com,5,144155
426,Araldo,Mueller,amuellerbt@kickstarter.com,9,51804
427,Boothe,Voisey,bvoiseybu@huffingtonpost.com,9,38272
428,Annetta,Graeser,agraeserbv@wiley.com,9,139602
429,Adair,Demonge,ademongebw@gnu.org,4,137153
430,Abie,Plaunch,aplaunchbx@thetimes.co.uk,5,140010
431,Nerissa,Munkley,nmunkleyby@t.co,8,136744
432,Penny,Robyns,probynsbz@so-net.ne.jp,3,54725
433,Gates,Bellenger,gbellengerc0@chronoengine.com,3,104638
434,Sherye,Bettis,sbettisc1@exblog.jp,1,127380
435,Gale,Lobbe,globbec2@dagondesign.com,5,48586
436,Conni,Harbor,charborc3@hatena.ne.jp,8,142947
437,Karil,Partkya,kpartkyac4@histats.com,8,74203
438,Nerissa,Andriveau,nandriveauc5@diigo.com,3,69404
439,Demetris,Beinisch,dbeinischc6@gizmodo.com,7,74330
440,Madelena,Prandy,mprandyc7@theatlantic.com,7,59513
441,Laney,Mariotte,lmariottec8@youtube.com,10,81794
442,Nancee,Kildahl,nkildahlc9@bloglines.com,10,93922
443,Elaina,Nettles,enettlesca@wired.com,1,99851
444,Cornie,Addey,caddeycb@imageshack.us,9,90376
445,Waiter,Mungane,wmunganecc@sakura.ne.jp,9,93370
446,Hal,Waple,hwaplecd@cmu.edu,6,56617
447,Ruth,Busher,rbusherce@google.es,8,142949
448,Wildon,Pippard,wpippardcf@behance.net,6,78564
449,Jase,Degli Antoni,jdegliantonicg@bluehost.com,3,74911
450,Chickie,Lamburne,clamburnech@purevolume.com,10,35933
451,Miriam,Ghilks,mghilksci@wunderground.com,8,33734
452,Sibley,Shakshaft,sshakshaftcj@yahoo.co.jp,8,140702
453,Korella,Littledike,klittledikeck@vk.com,2,56704
454,Willem,Loukes,wloukescl@unblog.fr,6,121703
455,Sonja,Allanby,sallanbycm@theguardian.com,1,38751
456,Ruperto,Fritschel,rfritschelcn@studiopress.com,10,91351
457,Theo,Gibbieson,tgibbiesonco@businessinsider.com,9,122736
458,Tawnya,Gress,tgresscp@amazon.de,7,97101
459,Electra,Izacenko,eizacenkocq@sogou.com,5,99016
460,Wake,Dimitriev,wdimitrievcr@myspace.com,7,87216
461,Halette,Probate,hprobatecs@delicious.com,5,87285
462,Peirce,Isakovitch,pisakovitchct@addtoany.com,6,72872
463,Jock,Silcocks,jsilcockscu@example.com,3,83604
464,Jannel,MacGibbon,jmacgibboncv@umn.edu,2,42342
465,Kissiah,Lidden,kliddencw@npr.org,7,66323
466,Ganny,Lummus,glummuscx@youtu.be,9,70545
467,Amalita,Allsep,aallsepcy@cbc.ca,2,31962
468,Marijo,Rounds,mroundscz@state.tx.us,6,109764
469,Stanfield,Dockery,sdockeryd0@earthlink.net,9,31108
470,Mateo,Blainey,mblaineyd1@dyndns.org,4,83744
471,Emmey,Cheevers,echeeversd2@godaddy.com,8,43513
472,Shina,Kirdsch,skirdschd3@about.me,8,81722
473,Harriott,Rohlfing,hrohlfingd4@dagondesign.com,7,70108
474,Johann,Hargrave,jhargraved5@wisc.edu,5,52148
475,Dani,Wenden,dwendend6@parallels.com,5,135286
476,Amy,Leadbeatter,aleadbeatterd7@tamu.edu,1,74973
477,Bradan,Pratley,bpratleyd8@cisco.com,4,39320
478,Winfred,Joiner,wjoinerd9@networksolutions.com,3,130905
479,Wilt,Winsborrow,wwinsborrowda@reverbnation.com,5,85986
480,Martino,Dow,mdowdb@who.int,5,114447
481,Nathan,Ronaghan,nronaghandc@netlog.com,6,131683
482,Bridie,Rouby,broubydd@51.la,5,46996
483,Olva,Vine,ovinede@list-manage.com,8,89889
484,Monty,Parkisson,mparkissondf@who.int,8,116615
485,Marjory,Coudray,mcoudraydg@tuttocitta.it,5,138596
486,Beryle,Kernan,bkernandh@dailymail.co.uk,1,133267
487,Shayna,Berrycloth,sberryclothdi@chron.com,3,88137
488,Claudell,Ciraldo,cciraldodj@topsy.com,1,58820
489,Felisha,Colliard,fcolliarddk@unicef.org,1,55084
490,Chico,Laible,claibledl@example.com,2,129245
491,Cahra,Burris,cburrisdm@accuweather.com,2,141276
492,Giacobo,Groll,ggrolldn@stumbleupon.com,3,65901
493,Jesse,Marsy,jmarsydo@goo.ne.jp,10,65604
494,Fletch,Ingerson,fingersondp@disqus.com,7,56784
495,Mendie,Gregol,mgregoldq@technorati.com,3,133747
496,Connie,Breckell,cbreckelldr@1688.com,3,33143
497,Brynna,Hannan,bhannands@fastcompany.com,9,118708
498,Ursala,Fumagallo,ufumagallodt@hugedomains.com,4,67625
499,Cornelle,Lynam,clynamdu@technorati.com,1,82188
500,Rollo,Quarterman,rquartermandv@nationalgeographic.com,8,84882
